path,num_frames
044480.mp4,196
112196.mp4,473
037373.mp4,119
053804.mp4,156
038455.mp4,206
137653.mp4,228
064311.mp4,279
027872.mp4,100
102866.mp4,337
136430.mp4,101
075240.mp4,173
135242.mp4,143
120094.mp4,133
093993.mp4,121
025508.mp4,139
017790.mp4,286
050664.mp4,280
042579.mp4,109
017223.mp4,242
102080.mp4,117
032967.mp4,111
074679.mp4,100
088508.mp4,169
107221.mp4,116
074181.mp4,148
132548.mp4,144
025182.mp4,192
020347.mp4,168
136968.mp4,100
030382.mp4,101
088914.mp4,184
094057.mp4,113
033237.mp4,192
079478.mp4,106
014875.mp4,291
018878.mp4,104
066602.mp4,154
018789.mp4,108
050606.mp4,217
081120.mp4,368
000544.mp4,170
052623.mp4,196
089542.mp4,99
042394.mp4,168
127952.mp4,139
008772.mp4,128
111956.mp4,145
064793.mp4,305
118788.mp4,103
110459.mp4,269
061278.mp4,112
119349.mp4,100
084233.mp4,99
108465.mp4,100
122504.mp4,120
128268.mp4,183
111662.mp4,143
051548.mp4,107
112907.mp4,127
051931.mp4,138
050639.mp4,104
031925.mp4,131
010805.mp4,462
000843.mp4,116
120238.mp4,240
041669.mp4,193
072887.mp4,290
108646.mp4,100
106763.mp4,247
127130.mp4,145
129251.mp4,192
043776.mp4,106
034753.mp4,99
031106.mp4,164
088425.mp4,207
066090.mp4,117
093951.mp4,105
010364.mp4,146
028979.mp4,105
119308.mp4,359
033264.mp4,105
102285.mp4,132
102837.mp4,177
088663.mp4,112
124942.mp4,335
087073.mp4,104
122801.mp4,184
118988.mp4,289
084830.mp4,230
094301.mp4,129
065027.mp4,321
128173.mp4,103
129329.mp4,100
085680.mp4,236
025836.mp4,148
079710.mp4,118
025534.mp4,113
119062.mp4,176
092611.mp4,169
041027.mp4,111
119539.mp4,182
098395.mp4,219
041961.mp4,119
027841.mp4,153
018179.mp4,328
050572.mp4,120
054436.mp4,146
015587.mp4,108
106919.mp4,235
081216.mp4,162
031079.mp4,147
034410.mp4,101
010736.mp4,121
081425.mp4,113
038009.mp4,281
074123.mp4,398
085842.mp4,349
102428.mp4,101
127521.mp4,167
074475.mp4,195
087832.mp4,107
006159.mp4,195
019338.mp4,169
080403.mp4,104
030323.mp4,170
122533.mp4,157
014633.mp4,290
099465.mp4,150
085488.mp4,111
129072.mp4,232
018936.mp4,177
132097.mp4,358
120375.mp4,183
080626.mp4,132
025663.mp4,256
013892.mp4,110
128933.mp4,420
032914.mp4,116
018748.mp4,111
069354.mp4,113
064852.mp4,292
013349.mp4,198
137522.mp4,136
039765.mp4,299
085579.mp4,335
124254.mp4,203
054041.mp4,114
047997.mp4,102
056120.mp4,165
032094.mp4,241
098969.mp4,152
084787.mp4,119
010260.mp4,280
061226.mp4,135
056804.mp4,370
049585.mp4,229
088995.mp4,171
027994.mp4,155
000759.mp4,164
092244.mp4,159
007978.mp4,223
011198.mp4,195
103198.mp4,108
075416.mp4,153
051471.mp4,106
128292.mp4,104
082479.mp4,133
085492.mp4,155
013421.mp4,144
087503.mp4,173
083469.mp4,128
093791.mp4,103
051025.mp4,164
080284.mp4,130
099395.mp4,101
025648.mp4,139
088046.mp4,135
123028.mp4,122
026142.mp4,156
072668.mp4,112
069756.mp4,105
028889.mp4,131
124919.mp4,129
013471.mp4,229
103016.mp4,187
014629.mp4,209
086638.mp4,190
079047.mp4,115
124783.mp4,227
011237.mp4,225
039897.mp4,134
056745.mp4,113
039027.mp4,115
098272.mp4,112
053186.mp4,266
108359.mp4,116
092287.mp4,110
073470.mp4,104
119999.mp4,330
049878.mp4,128
017039.mp4,148
075052.mp4,162
019395.mp4,372
041016.mp4,135
137798.mp4,167
112589.mp4,228
064504.mp4,255
128837.mp4,206
089581.mp4,147
008959.mp4,106
108497.mp4,364
042128.mp4,256
107168.mp4,255
119722.mp4,296
104161.mp4,162
014287.mp4,365
040796.mp4,222
067312.mp4,134
072782.mp4,124
033756.mp4,200
028249.mp4,140
122797.mp4,214
127986.mp4,108
071908.mp4,119
024761.mp4,131
018132.mp4,133
136373.mp4,114
081154.mp4,126
106473.mp4,126
028694.mp4,361
038732.mp4,130
087051.mp4,99
119241.mp4,154
051502.mp4,204
011007.mp4,133
041080.mp4,257
137465.mp4,129
084849.mp4,198
034343.mp4,104
037601.mp4,133
043380.mp4,373
074875.mp4,117
102213.mp4,99
118669.mp4,145
016966.mp4,210
051994.mp4,343
024828.mp4,200
061989.mp4,106
039670.mp4,193
087851.mp4,122
092485.mp4,291
065169.mp4,102
062159.mp4,374
013417.mp4,161
108003.mp4,283
000879.mp4,131
042382.mp4,107
031965.mp4,235
091944.mp4,123
093478.mp4,99
024998.mp4,129
075374.mp4,114
032440.mp4,124
084858.mp4,442
074100.mp4,234
127407.mp4,127
042047.mp4,138
034738.mp4,101
029217.mp4,363
112742.mp4,112
064819.mp4,99
083213.mp4,314
071960.mp4,183
034447.mp4,233
017940.mp4,134
083583.mp4,126
106893.mp4,194
135297.mp4,146
034899.mp4,114
000570.mp4,105
071972.mp4,103
043330.mp4,105
017799.mp4,207
009432.mp4,141
031193.mp4,196
064734.mp4,195
102517.mp4,240
089402.mp4,184
061201.mp4,153
120350.mp4,123
017736.mp4,185
103334.mp4,310
073534.mp4,110
056027.mp4,119
061021.mp4,160
043142.mp4,129
048677.mp4,144
111503.mp4,201
122805.mp4,132
079560.mp4,125
055972.mp4,145
128197.mp4,184
079951.mp4,143
053684.mp4,215
129015.mp4,127
092848.mp4,101
083382.mp4,176
028088.mp4,135
079899.mp4,242
005993.mp4,102
066007.mp4,153
040656.mp4,458
129362.mp4,123
120310.mp4,144
103468.mp4,194
020980.mp4,178
120367.mp4,272
018561.mp4,103
087059.mp4,385
073977.mp4,285
013847.mp4,119
107734.mp4,121
053401.mp4,115
051735.mp4,119
074381.mp4,147
079109.mp4,103
032920.mp4,201
066761.mp4,161
107643.mp4,176
024819.mp4,178
056281.mp4,143
079428.mp4,253
094162.mp4,296
081342.mp4,189
118082.mp4,217
043376.mp4,159
135427.mp4,143
110251.mp4,189
027641.mp4,145
011285.mp4,135
034923.mp4,192
085446.mp4,250
044558.mp4,394
093853.mp4,140
024778.mp4,102
122764.mp4,182
093424.mp4,415
081523.mp4,121
008065.mp4,150
101455.mp4,275
119906.mp4,140
042064.mp4,230
087249.mp4,196
056217.mp4,296
030819.mp4,327
051726.mp4,146
086869.mp4,431
032848.mp4,262
014778.mp4,111
079096.mp4,137
089913.mp4,165
033170.mp4,127
128698.mp4,324
065123.mp4,162
064977.mp4,388
110414.mp4,121
087158.mp4,153
119653.mp4,160
132296.mp4,124
052843.mp4,246
066564.mp4,401
117996.mp4,100
093252.mp4,100
086208.mp4,134
092213.mp4,147
043554.mp4,114
125068.mp4,104
030655.mp4,120
056660.mp4,136
027496.mp4,208
102185.mp4,165
021534.mp4,172
110616.mp4,139
118104.mp4,244
008018.mp4,179
020245.mp4,143
101400.mp4,409
061576.mp4,209
069477.mp4,114
031590.mp4,185
113324.mp4,135
010237.mp4,141
086546.mp4,135
108157.mp4,170
113386.mp4,101
111096.mp4,117
128023.mp4,157
099329.mp4,124
085074.mp4,295
069859.mp4,134
093738.mp4,186
112762.mp4,387
056525.mp4,119
098192.mp4,133
122996.mp4,120
019599.mp4,172
085104.mp4,217
089363.mp4,111
061053.mp4,99
119871.mp4,166
017872.mp4,145
048819.mp4,111
030083.mp4,254
084017.mp4,184
114690.mp4,155
084834.mp4,286
080107.mp4,237
114640.mp4,136
124718.mp4,117
052681.mp4,151
079327.mp4,146
044207.mp4,142
080980.mp4,284
103957.mp4,129
032200.mp4,213
098229.mp4,195
025707.mp4,307
104032.mp4,236
106714.mp4,205
088788.mp4,457
137214.mp4,101
082414.mp4,127
056220.mp4,165
120262.mp4,204
061970.mp4,259
098881.mp4,120
009229.mp4,154
082586.mp4,187
089971.mp4,405
031189.mp4,157
040661.mp4,371
069295.mp4,156
075395.mp4,123
066316.mp4,143
017010.mp4,113
083893.mp4,102
098605.mp4,174
087512.mp4,242
135759.mp4,171
087118.mp4,203
040143.mp4,196
132146.mp4,100
104083.mp4,283
074859.mp4,122
070045.mp4,194
080557.mp4,180
110303.mp4,100
038053.mp4,352
053996.mp4,108
006234.mp4,167
099122.mp4,99
110910.mp4,118
021012.mp4,118
080151.mp4,119
066172.mp4,236
037220.mp4,149
072015.mp4,133
027893.mp4,130
042235.mp4,248
074560.mp4,101
132084.mp4,122
111115.mp4,405
086096.mp4,455
085875.mp4,274
044264.mp4,254
129027.mp4,117
018487.mp4,157
040933.mp4,128
112824.mp4,113
075057.mp4,110
047955.mp4,126
072605.mp4,129
110914.mp4,100
061137.mp4,243
061400.mp4,270
073089.mp4,136
072596.mp4,110
128887.mp4,334
103357.mp4,100
038699.mp4,108
118209.mp4,370
074432.mp4,224
028897.mp4,198
033037.mp4,160
072277.mp4,229
118041.mp4,188
010458.mp4,109
122641.mp4,110
049732.mp4,122
061410.mp4,144
037226.mp4,275
050592.mp4,105
017278.mp4,163
119321.mp4,241
120151.mp4,385
041923.mp4,318
132472.mp4,101
047853.mp4,124
099150.mp4,101
020080.mp4,107
107429.mp4,154
018543.mp4,171
084310.mp4,139
021554.mp4,396
082146.mp4,110
044441.mp4,99
013138.mp4,156
107378.mp4,109
021156.mp4,108
066878.mp4,297
037293.mp4,159
032409.mp4,140
044223.mp4,148
024961.mp4,297
078909.mp4,132
093267.mp4,106
044569.mp4,148
088543.mp4,127
087561.mp4,100
111877.mp4,99
050881.mp4,116
042363.mp4,196
080584.mp4,124
021704.mp4,227
113489.mp4,349
084154.mp4,253
034608.mp4,123
034435.mp4,111
033650.mp4,146
011044.mp4,259
051983.mp4,317
104265.mp4,144
119183.mp4,295
111163.mp4,175
030190.mp4,169
074405.mp4,141
085457.mp4,293
120677.mp4,497
092536.mp4,166
129041.mp4,99
067221.mp4,167
086145.mp4,101
083747.mp4,130
112624.mp4,268
098506.mp4,350
029267.mp4,135
043797.mp4,99
099525.mp4,123
039473.mp4,124
069394.mp4,109
028637.mp4,205
038360.mp4,168
087428.mp4,393
124632.mp4,290
069444.mp4,107
079396.mp4,131
030166.mp4,218
028277.mp4,124
037916.mp4,190
038273.mp4,135
101324.mp4,127
067266.mp4,109
088252.mp4,297
083460.mp4,101
127848.mp4,148
128447.mp4,229
032828.mp4,206
056224.mp4,134
136792.mp4,186
069760.mp4,180
120658.mp4,153
017022.mp4,307
020064.mp4,155
123077.mp4,101
072123.mp4,143
015054.mp4,105
129379.mp4,117
065230.mp4,267
104689.mp4,323
032539.mp4,115
042630.mp4,105
039569.mp4,242
110335.mp4,315
029468.mp4,105
010503.mp4,143
049714.mp4,225
127381.mp4,121
040862.mp4,121
057309.mp4,227
056244.mp4,271
119730.mp4,426
031535.mp4,142
065600.mp4,190
101379.mp4,131
040673.mp4,297
051727.mp4,121
007702.mp4,198
069325.mp4,186
033557.mp4,114
112988.mp4,153
025178.mp4,183
014173.mp4,181
092327.mp4,114
081052.mp4,221
093110.mp4,397
119571.mp4,134
056939.mp4,143
056523.mp4,127
031635.mp4,184
052631.mp4,303
028957.mp4,189
111687.mp4,458
010877.mp4,141
051786.mp4,141
038262.mp4,309
073297.mp4,108
032363.mp4,475
041911.mp4,225
028547.mp4,213
015729.mp4,152
038972.mp4,128
010971.mp4,118
048962.mp4,257
009281.mp4,140
114496.mp4,385
030183.mp4,273
093527.mp4,124
136344.mp4,159
087523.mp4,184
039913.mp4,213
041122.mp4,299
025361.mp4,104
057406.mp4,115
014841.mp4,100
051157.mp4,171
029973.mp4,238
072350.mp4,154
069431.mp4,107
054288.mp4,132
051829.mp4,311
056914.mp4,99
033812.mp4,153
112785.mp4,129
085365.mp4,329
074513.mp4,313
032595.mp4,140
039823.mp4,117
017894.mp4,219
075061.mp4,379
021377.mp4,242
041816.mp4,114
111612.mp4,313
108229.mp4,110
079300.mp4,261
092755.mp4,342
039711.mp4,306
052894.mp4,112
124969.mp4,188
124904.mp4,233
093009.mp4,113
087540.mp4,243
085206.mp4,248
049589.mp4,150
111066.mp4,112
010665.mp4,163
081485.mp4,130
054353.mp4,137
107676.mp4,302
052197.mp4,197
020448.mp4,472
079206.mp4,106
042367.mp4,115
039193.mp4,121
049860.mp4,119
073874.mp4,280
032073.mp4,194
102830.mp4,302
071952.mp4,174
019647.mp4,149
051903.mp4,180
124735.mp4,102
069303.mp4,270
085475.mp4,181
102217.mp4,99
107940.mp4,255
107743.mp4,160
051837.mp4,189
080123.mp4,326
044359.mp4,371
098992.mp4,183
073507.mp4,116
025267.mp4,145
092672.mp4,103
092459.mp4,178
088494.mp4,246
080735.mp4,102
014348.mp4,277
017427.mp4,107
093968.mp4,121
084083.mp4,113
074377.mp4,164
032405.mp4,270
102526.mp4,177
122871.mp4,130
048757.mp4,300
064903.mp4,147
074463.mp4,186
051328.mp4,164
074724.mp4,284
030269.mp4,288
118321.mp4,209
079781.mp4,301
010530.mp4,108
080845.mp4,188
024824.mp4,135
093054.mp4,100
030029.mp4,199
018671.mp4,113
082572.mp4,129
041953.mp4,142
051316.mp4,129
013400.mp4,138
031489.mp4,409
128812.mp4,167
029056.mp4,380
021032.mp4,163
067176.mp4,170
040523.mp4,391
033739.mp4,199
128057.mp4,252
037429.mp4,159
110909.mp4,112
035004.mp4,445
136780.mp4,180
109841.mp4,101
137518.mp4,134
110571.mp4,164
082754.mp4,134
043200.mp4,151
072986.mp4,294
051877.mp4,161
073096.mp4,235
078769.mp4,164
064626.mp4,165
051514.mp4,310
019309.mp4,266
113474.mp4,143
089851.mp4,167
065086.mp4,127
066133.mp4,266
056987.mp4,276
088654.mp4,118
135717.mp4,131
137698.mp4,293
087690.mp4,121
049464.mp4,323
127164.mp4,132
094356.mp4,153
042736.mp4,144
092771.mp4,126
082293.mp4,309
025955.mp4,440
008789.mp4,116
025304.mp4,100
015505.mp4,115
052722.mp4,297
099112.mp4,107
006001.mp4,192
093696.mp4,138
017228.mp4,99
008885.mp4,267
120254.mp4,321
039255.mp4,106
053207.mp4,141
021177.mp4,122
030345.mp4,211
087475.mp4,171
032979.mp4,111
106935.mp4,132
028726.mp4,179
103975.mp4,115
053928.mp4,164
061040.mp4,105
101359.mp4,211
103326.mp4,157
049122.mp4,132
013462.mp4,118
103584.mp4,240
050552.mp4,186
074739.mp4,246
066164.mp4,100
136732.mp4,140
078789.mp4,156
047930.mp4,126
052263.mp4,112
018848.mp4,214
018965.mp4,145
035110.mp4,121
038909.mp4,173
048923.mp4,124
061592.mp4,161
069927.mp4,133
085921.mp4,185
086595.mp4,100
064743.mp4,156
079076.mp4,201
038274.mp4,353
008318.mp4,302
009022.mp4,291
039881.mp4,151
044286.mp4,148
124874.mp4,283
025219.mp4,140
027620.mp4,106
102091.mp4,124
072480.mp4,115
122670.mp4,253
081986.mp4,101
078862.mp4,152
128771.mp4,121
080727.mp4,257
093803.mp4,127
038771.mp4,158
101223.mp4,104
074256.mp4,215
030019.mp4,118
074190.mp4,227
086898.mp4,121
019159.mp4,370
013143.mp4,143
042839.mp4,189
087385.mp4,146
104572.mp4,133
118523.mp4,136
051794.mp4,109
011016.mp4,130
102703.mp4,227
033385.mp4,295
088629.mp4,125
135509.mp4,129
040674.mp4,457
083504.mp4,115
065937.mp4,263
136640.mp4,144
013125.mp4,110
069929.mp4,119
041801.mp4,334
107433.mp4,196
043316.mp4,133
019108.mp4,114
027450.mp4,170
112850.mp4,238
108409.mp4,188
132382.mp4,226
025940.mp4,305
123042.mp4,130
040944.mp4,177
079011.mp4,118
018616.mp4,157
124375.mp4,138
008154.mp4,321
132196.mp4,181
079291.mp4,122
006097.mp4,127
010701.mp4,107
049151.mp4,102
112877.mp4,265
106590.mp4,363
080285.mp4,125
112400.mp4,221
026155.mp4,154
104550.mp4,121
137622.mp4,111
110205.mp4,219
024696.mp4,102
088263.mp4,221
085614.mp4,307
010478.mp4,147
048875.mp4,301
064438.mp4,111
073810.mp4,156
081041.mp4,404
033368.mp4,210
127207.mp4,180
035024.mp4,119
127788.mp4,250
028718.mp4,107
007934.mp4,360
040007.mp4,147
019469.mp4,124
037284.mp4,192
065986.mp4,133
082261.mp4,211
020936.mp4,134
055828.mp4,103
041817.mp4,444
081696.mp4,109
011265.mp4,99
044066.mp4,142
081131.mp4,115
033327.mp4,113
019080.mp4,426
087656.mp4,186
101855.mp4,258
061966.mp4,221
128085.mp4,231
087504.mp4,222
094411.mp4,101
010275.mp4,242
103841.mp4,104
013911.mp4,462
087713.mp4,147
039909.mp4,146
017139.mp4,161
017270.mp4,195
049347.mp4,131
028006.mp4,180
103227.mp4,117
018569.mp4,139
084147.mp4,299
119778.mp4,156
028614.mp4,335
111233.mp4,119
120059.mp4,368
137916.mp4,129
061568.mp4,114
024747.mp4,141
061480.mp4,222
135640.mp4,126
056584.mp4,213
050610.mp4,337
073976.mp4,114
081111.mp4,107
065515.mp4,107
111206.mp4,178
018152.mp4,184
132114.mp4,137
069739.mp4,208
072486.mp4,142
038982.mp4,136
074792.mp4,211
025186.mp4,119
110128.mp4,167
111809.mp4,145
050795.mp4,105
086272.mp4,213
084992.mp4,146
124414.mp4,140
038902.mp4,382
043546.mp4,236
093898.mp4,264
078734.mp4,122
102372.mp4,395
137506.mp4,120
090052.mp4,170
112721.mp4,110
040337.mp4,99
083486.mp4,314
051975.mp4,252
092694.mp4,113
093013.mp4,130
033157.mp4,125
098159.mp4,180
074743.mp4,275
107762.mp4,191
088710.mp4,99
007261.mp4,109
067153.mp4,136
136315.mp4,190
019300.mp4,186
072079.mp4,126
017266.mp4,134
051171.mp4,149
092869.mp4,314
021094.mp4,104
083738.mp4,102
019895.mp4,138
078698.mp4,142
054383.mp4,169
015501.mp4,159
093299.mp4,182
066770.mp4,117
093766.mp4,384
026482.mp4,155
061609.mp4,206
056607.mp4,100
136542.mp4,110
049573.mp4,110
064329.mp4,171
061079.mp4,104
018156.mp4,188
007277.mp4,146
027373.mp4,318
098419.mp4,203
011087.mp4,208
122453.mp4,107
051110.mp4,218
057023.mp4,233
066560.mp4,148
125073.mp4,279
037600.mp4,123
110044.mp4,161
067162.mp4,188
079914.mp4,235
040320.mp4,110
119325.mp4,107
025973.mp4,319
026207.mp4,410
081763.mp4,271
032787.mp4,181
010654.mp4,406
102411.mp4,111
122788.mp4,120
065712.mp4,226
111520.mp4,107
050596.mp4,111
038837.mp4,101
107706.mp4,224
106605.mp4,201
129325.mp4,126
064293.mp4,143
018213.mp4,118
031231.mp4,107
101755.mp4,246
052970.mp4,105
017876.mp4,206
127648.mp4,146
093542.mp4,131
104615.mp4,126
028471.mp4,113
038269.mp4,99
106420.mp4,194
044465.mp4,120
033273.mp4,448
122703.mp4,125
137640.mp4,192
021368.mp4,231
040160.mp4,143
087985.mp4,111
051020.mp4,162
120102.mp4,249
007638.mp4,187
069473.mp4,145
039138.mp4,387
118514.mp4,121
079493.mp4,134
084771.mp4,155
080167.mp4,126
129312.mp4,101
065422.mp4,294
081027.mp4,196
014790.mp4,222
083815.mp4,115
073436.mp4,441
025378.mp4,149
113744.mp4,147
052958.mp4,102
073844.mp4,160
042077.mp4,121
135623.mp4,197
078710.mp4,147
019096.mp4,101
040736.mp4,306
120346.mp4,189
080322.mp4,190
122815.mp4,329
073552.mp4,163
069559.mp4,138
018580.mp4,154
112385.mp4,231
026452.mp4,339
073748.mp4,125
016982.mp4,108
106960.mp4,149
041974.mp4,111
092668.mp4,101
119919.mp4,186
072339.mp4,123
064712.mp4,188
086434.mp4,447
082634.mp4,119
019668.mp4,110
084286.mp4,169
118677.mp4,156
098529.mp4,109
079816.mp4,102
094273.mp4,115
110997.mp4,167
079323.mp4,223
061547.mp4,183
017469.mp4,104
137341.mp4,205
056363.mp4,136
132040.mp4,119
031030.mp4,157
029129.mp4,146
079280.mp4,276
039121.mp4,108
111310.mp4,109
031670.mp4,158
018624.mp4,146
043923.mp4,172
065857.mp4,99
019097.mp4,297
083771.mp4,107
030636.mp4,201
028974.mp4,294
078912.mp4,130
074988.mp4,143
074220.mp4,114
048079.mp4,185
074805.mp4,111
086944.mp4,106
106875.mp4,181
065314.mp4,157
110098.mp4,105
049612.mp4,113
030842.mp4,207
037360.mp4,108
042231.mp4,105
049953.mp4,130
069863.mp4,292
013766.mp4,147
020137.mp4,185
050947.mp4,125
018263.mp4,125
018107.mp4,221
103876.mp4,176
067277.mp4,117
080819.mp4,210
033356.mp4,340
072547.mp4,151
124890.mp4,148
102405.mp4,121
073614.mp4,128
099197.mp4,103
044259.mp4,137
009198.mp4,290
094281.mp4,185
056397.mp4,327
029518.mp4,191
120274.mp4,128
028539.mp4,101
111647.mp4,159
089419.mp4,145
072046.mp4,184
088490.mp4,156
075037.mp4,178
052345.mp4,160
099425.mp4,157
123002.mp4,162
034537.mp4,317
098598.mp4,289
072422.mp4,267
025594.mp4,162
112396.mp4,160
008352.mp4,322
137205.mp4,122
034423.mp4,174
049069.mp4,123
071863.mp4,327
021638.mp4,126
124902.mp4,114
072441.mp4,451
053255.mp4,156
031784.mp4,107
106972.mp4,103
052901.mp4,174
075408.mp4,116
057476.mp4,172
086886.mp4,101
053517.mp4,185
128763.mp4,109
061927.mp4,245
086129.mp4,181
079675.mp4,140
124532.mp4,169
081504.mp4,117
014222.mp4,117
048656.mp4,105
024799.mp4,103
065259.mp4,144
043083.mp4,126
013529.mp4,103
094087.mp4,276
027418.mp4,104
025962.mp4,176
040420.mp4,357
020722.mp4,157
120185.mp4,159
091964.mp4,227
081832.mp4,214
028301.mp4,276
098012.mp4,142
111761.mp4,109
085832.mp4,285
052229.mp4,193
106701.mp4,390
111678.mp4,100
030039.mp4,112
108189.mp4,166
122529.mp4,99
034781.mp4,107
020689.mp4,147
085993.mp4,207
072208.mp4,175
043667.mp4,142
008103.mp4,154
052816.mp4,472
042241.mp4,258
113058.mp4,245
122472.mp4,200
007864.mp4,133
127035.mp4,172
051145.mp4,168
084927.mp4,107
080028.mp4,101
050713.mp4,112
099044.mp4,116
085483.mp4,156
031754.mp4,127
089744.mp4,128
137890.mp4,207
136913.mp4,119
021651.mp4,268
065687.mp4,224
049611.mp4,158
103555.mp4,101
085922.mp4,265
086047.mp4,249
050515.mp4,102
051820.mp4,144
062046.mp4,100
079576.mp4,106
079626.mp4,137
027741.mp4,174
079544.mp4,126
112217.mp4,112
083668.mp4,351
136836.mp4,124
102181.mp4,233
039423.mp4,111
008496.mp4,191
088079.mp4,189
037637.mp4,137
120004.mp4,412
065147.mp4,131
132088.mp4,141
119902.mp4,142
093705.mp4,99
051299.mp4,123
030789.mp4,186
110958.mp4,189
080087.mp4,174
127540.mp4,217
092138.mp4,101
029271.mp4,139
082591.mp4,109
017062.mp4,110
089682.mp4,280
052201.mp4,209
086363.mp4,99
069120.mp4,187
028690.mp4,141
010433.mp4,407
007290.mp4,108
061820.mp4,199
108428.mp4,105
084783.mp4,203
089717.mp4,174
091948.mp4,110
029052.mp4,275
066657.mp4,121
048689.mp4,141
113482.mp4,311
093117.mp4,125
038173.mp4,109
117896.mp4,179
042779.mp4,424
013601.mp4,184
093523.mp4,104
020459.mp4,149
107290.mp4,115
124355.mp4,125
108579.mp4,211
136695.mp4,232
054078.mp4,228
050808.mp4,112
098711.mp4,138
034383.mp4,108
118429.mp4,219
124238.mp4,126
034685.mp4,495
035214.mp4,112
034834.mp4,175
060985.mp4,99
013880.mp4,234
103854.mp4,224
088357.mp4,454
069899.mp4,149
136925.mp4,155
137393.mp4,105
021404.mp4,134
066929.mp4,129
054215.mp4,401
127126.mp4,99
132109.mp4,153
080784.mp4,149
048931.mp4,132
072777.mp4,104
037496.mp4,252
092389.mp4,216
086393.mp4,187
122489.mp4,99
020482.mp4,149
051657.mp4,102
027821.mp4,101
029043.mp4,118
049177.mp4,140
072127.mp4,179
072639.mp4,169
032583.mp4,118
066816.mp4,120
120497.mp4,111
014218.mp4,210
021289.mp4,142
011004.mp4,107
108184.mp4,114
110546.mp4,164
099146.mp4,120
082876.mp4,104
129509.mp4,176
052926.mp4,296
000814.mp4,117
083557.mp4,199
051488.mp4,120
051637.mp4,234
107126.mp4,103
083493.mp4,346
098927.mp4,147
073739.mp4,107
018087.mp4,113
049041.mp4,103
043352.mp4,188
127236.mp4,231
074526.mp4,170
018075.mp4,103
032750.mp4,128
127826.mp4,274
098864.mp4,103
018095.mp4,100
081354.mp4,164
053017.mp4,490
008933.mp4,172
109919.mp4,100
020669.mp4,116
055980.mp4,222
108441.mp4,104
085479.mp4,123
015733.mp4,179
092377.mp4,123
081462.mp4,166
030965.mp4,165
074847.mp4,110
107756.mp4,101
074315.mp4,114
029161.mp4,198
111403.mp4,127
108647.mp4,149
094187.mp4,258
087868.mp4,113
008118.mp4,115
083158.mp4,108
106832.mp4,213
083067.mp4,103
087485.mp4,102
028018.mp4,119
050913.mp4,389
088706.mp4,120
000691.mp4,116
033730.mp4,446
066368.mp4,109
119585.mp4,133
089891.mp4,217
112773.mp4,123
000710.mp4,138
056318.mp4,202
067091.mp4,148
067038.mp4,230
020292.mp4,130
070024.mp4,186
078866.mp4,117
027576.mp4,110
098343.mp4,247
051990.mp4,168
048824.mp4,103
101715.mp4,139
110934.mp4,152
081457.mp4,153
007790.mp4,313
110891.mp4,199
039465.mp4,223
098903.mp4,193
044318.mp4,457
007717.mp4,158
054202.mp4,173
044648.mp4,100
078714.mp4,165
074524.mp4,213
048988.mp4,344
083313.mp4,244
037986.mp4,302
110518.mp4,197
111277.mp4,113
044603.mp4,273
056458.mp4,380
101877.mp4,281
098366.mp4,170
094440.mp4,100
051137.mp4,192
061289.mp4,102
014335.mp4,155
060924.mp4,198
006072.mp4,295
137485.mp4,158
053808.mp4,134
122809.mp4,113
102978.mp4,273
043614.mp4,275
025928.mp4,107
127517.mp4,122
101289.mp4,100
124455.mp4,104
092417.mp4,170
102043.mp4,123
043387.mp4,149
127228.mp4,177
029433.mp4,150
064725.mp4,176
039419.mp4,126
038253.mp4,109
027670.mp4,216
107570.mp4,117
088524.mp4,266
008427.mp4,145
044210.mp4,143
080972.mp4,104
092240.mp4,174
041729.mp4,388
069453.mp4,152
065219.mp4,301
086043.mp4,229
013015.mp4,260
073499.mp4,257
018268.mp4,208
129036.mp4,102
049468.mp4,146
132183.mp4,165
082777.mp4,121
110149.mp4,105
137381.mp4,213
112843.mp4,286
080168.mp4,235
072484.mp4,256
086780.mp4,366
082912.mp4,155
122650.mp4,189
010823.mp4,307
085798.mp4,123
092981.mp4,186
119364.mp4,134
124216.mp4,105
013458.mp4,155
085294.mp4,164
082535.mp4,105
072445.mp4,137
069727.mp4,182
025202.mp4,164
122833.mp4,364
044020.mp4,162
111652.mp4,120
038613.mp4,120
073281.mp4,155
103025.mp4,179
044209.mp4,115
103551.mp4,135
014226.mp4,130
081143.mp4,139
080272.mp4,138
074319.mp4,133
108041.mp4,160
033149.mp4,290
106537.mp4,402
092629.mp4,139
086634.mp4,118
082530.mp4,176
015227.mp4,111
016946.mp4,189
089529.mp4,113
082957.mp4,168
098032.mp4,197
101313.mp4,107
010302.mp4,164
103675.mp4,159
074935.mp4,180
044120.mp4,172
098390.mp4,164
051245.mp4,131
079824.mp4,417
014180.mp4,312
037317.mp4,166
010730.mp4,118
107546.mp4,129
032061.mp4,116
127639.mp4,252
087665.mp4,137
087280.mp4,352
120388.mp4,232
085036.mp4,114
111288.mp4,103
104008.mp4,178
030781.mp4,104
074307.mp4,228
082034.mp4,126
123228.mp4,135
013965.mp4,116
069947.mp4,119
010946.mp4,170
021181.mp4,205
101723.mp4,485
088180.mp4,103
020932.mp4,127
064523.mp4,279
008053.mp4,105
079212.mp4,286
081183.mp4,178
113342.mp4,235
101873.mp4,143
079439.mp4,321
074801.mp4,179
061604.mp4,124
075379.mp4,165
033210.mp4,118
034339.mp4,145
135517.mp4,112
125003.mp4,173
044219.mp4,135
127277.mp4,341
051943.mp4,123
018821.mp4,105
037911.mp4,239
028868.mp4,229
067267.mp4,122
042327.mp4,269
108451.mp4,136
111375.mp4,114
041615.mp4,386
103780.mp4,152
021050.mp4,139
030863.mp4,227
021293.mp4,112
008374.mp4,304
052905.mp4,112
104250.mp4,298
032884.mp4,100
026234.mp4,202
009269.mp4,128
030875.mp4,209
008317.mp4,174
052346.mp4,199
056931.mp4,235
102199.mp4,255
110262.mp4,241
093408.mp4,126
080528.mp4,368
031144.mp4,144
019724.mp4,377
030555.mp4,314
030516.mp4,124
011045.mp4,331
000794.mp4,113
101751.mp4,131
029184.mp4,142
019666.mp4,118
044386.mp4,177
118455.mp4,103
047967.mp4,145
101180.mp4,412
014963.mp4,193
007210.mp4,124
013593.mp4,116
085339.mp4,237
009333.mp4,184
079947.mp4,133
101759.mp4,295
010867.mp4,112
094126.mp4,109
113478.mp4,206
108156.mp4,120
101743.mp4,131
025831.mp4,99
049277.mp4,141
073466.mp4,161
024832.mp4,155
053625.mp4,211
032599.mp4,163
040387.mp4,238
098144.mp4,300
040842.mp4,122
089512.mp4,196
008348.mp4,231
098965.mp4,139
014431.mp4,104
043629.mp4,107
026259.mp4,173
118241.mp4,101
079926.mp4,177
125134.mp4,111
111603.mp4,102
011476.mp4,112
081958.mp4,175
079643.mp4,496
008183.mp4,109
112048.mp4,110
080289.mp4,266
083451.mp4,200
114686.mp4,122
017192.mp4,142
033769.mp4,134
073917.mp4,139
017029.mp4,129
073930.mp4,219
013167.mp4,103
125046.mp4,226
084071.mp4,119
106513.mp4,227
069743.mp4,118
043523.mp4,113
028297.mp4,131
137551.mp4,136
124463.mp4,129
111340.mp4,215
039636.mp4,103
000834.mp4,103
032000.mp4,147
029482.mp4,164
127552.mp4,137
118066.mp4,114
088275.mp4,141
108656.mp4,133
108305.mp4,107
122451.mp4,121
044450.mp4,182
127211.mp4,118
034801.mp4,112
119914.mp4,134
010516.mp4,119
128122.mp4,116
085117.mp4,100
066801.mp4,120
110575.mp4,103
135303.mp4,119
088988.mp4,259
108505.mp4,233
136392.mp4,123
056998.mp4,413
120003.mp4,139
053067.mp4,210
107471.mp4,214
112404.mp4,155
075250.mp4,153
098370.mp4,106
132276.mp4,206
051802.mp4,114
051681.mp4,189
122462.mp4,284
081682.mp4,106
086723.mp4,219
051377.mp4,352
103377.mp4,131
051710.mp4,107
052285.mp4,365
137603.mp4,113
088287.mp4,114
020259.mp4,270
089608.mp4,115
052224.mp4,126
081751.mp4,306
103531.mp4,169
053891.mp4,187
137866.mp4,148
028684.mp4,165
064932.mp4,454
112439.mp4,473
031050.mp4,99
048742.mp4,132
049297.mp4,283
099354.mp4,106
124621.mp4,346
124497.mp4,167
048907.mp4,105
037629.mp4,103
099510.mp4,100
080224.mp4,132
084009.mp4,101
087055.mp4,159
025764.mp4,353
049553.mp4,122
032282.mp4,268
074042.mp4,137
013937.mp4,119
078686.mp4,141
072011.mp4,239
112428.mp4,142
137155.mp4,149
087020.mp4,117
066262.mp4,122
049581.mp4,177
088931.mp4,200
032798.mp4,115
007762.mp4,250
035282.mp4,319
137051.mp4,182
049668.mp4,163
085113.mp4,100
029420.mp4,129
136460.mp4,109
041094.mp4,286
089489.mp4,124
093459.mp4,113
080071.mp4,185
084717.mp4,135
033104.mp4,134
074059.mp4,127
104379.mp4,116
040595.mp4,324
038833.mp4,114
010391.mp4,404
109866.mp4,150
015404.mp4,230
067243.mp4,130
080425.mp4,104
129553.mp4,102
129239.mp4,123
069469.mp4,109
111167.mp4,246
136760.mp4,116
035142.mp4,125
088441.mp4,201
124613.mp4,172
051521.mp4,108
061584.mp4,277
120079.mp4,249
108724.mp4,118
011039.mp4,101
035278.mp4,190
014811.mp4,104
098075.mp4,138
025810.mp4,206
038976.mp4,145
037617.mp4,111
072909.mp4,231
008904.mp4,143
102739.mp4,208
016796.mp4,124
127156.mp4,201
008866.mp4,458
082348.mp4,102
113421.mp4,298
124317.mp4,183
049745.mp4,201
061473.mp4,306
018989.mp4,105
066197.mp4,117
106731.mp4,101
085524.mp4,106
064587.mp4,173
087706.mp4,262
065728.mp4,447
088886.mp4,205
048138.mp4,149
043718.mp4,103
031299.mp4,214
011143.mp4,239
120409.mp4,134
038971.mp4,113
042026.mp4,167
030234.mp4,205
019723.mp4,132
043417.mp4,122
085738.mp4,168
069500.mp4,170
008199.mp4,361
007779.mp4,106
033144.mp4,326
113212.mp4,105
018825.mp4,141
013985.mp4,169
081644.mp4,127
119803.mp4,231
033636.mp4,142
132305.mp4,172
118372.mp4,291
124736.mp4,210
135746.mp4,120
123063.mp4,128
092031.mp4,138
039105.mp4,125
007249.mp4,162
119697.mp4,126
016950.mp4,109
128803.mp4,138
094253.mp4,142
137725.mp4,172
018961.mp4,213
008235.mp4,146
056454.mp4,166
039508.mp4,371
061943.mp4,335
089952.mp4,99
014252.mp4,200
078983.mp4,150
082556.mp4,210
042533.mp4,116
108282.mp4,102
082884.mp4,121
081288.mp4,151
128903.mp4,188
007222.mp4,115
025485.mp4,126
040031.mp4,146
061435.mp4,106
061431.mp4,186
014158.mp4,106
027564.mp4,145
081069.mp4,177
119747.mp4,125
086877.mp4,235
008612.mp4,101
064976.mp4,109
111873.mp4,99
066954.mp4,118
042390.mp4,146
122704.mp4,104
113350.mp4,460
019387.mp4,160
025748.mp4,139
088694.mp4,104
054004.mp4,187
135526.mp4,141
118294.mp4,272
034931.mp4,106
088017.mp4,200
092261.mp4,267
039504.mp4,196
136335.mp4,133
016962.mp4,166
048068.mp4,145
007232.mp4,127
019203.mp4,160
011191.mp4,118
051122.mp4,240
099185.mp4,102
032027.mp4,150
069078.mp4,197
050984.mp4,135
051669.mp4,196
021828.mp4,117
074009.mp4,130
062084.mp4,193
106779.mp4,264
102318.mp4,156
136652.mp4,133
098573.mp4,368
037572.mp4,105
032803.mp4,222
013429.mp4,180
128965.mp4,187
034947.mp4,112
107876.mp4,318
030249.mp4,131
103075.mp4,244
137632.mp4,99
099421.mp4,244
122518.mp4,176
082921.mp4,208
018620.mp4,144
032066.mp4,431
056143.mp4,132
104709.mp4,150
089708.mp4,223
044402.mp4,215
035222.mp4,268
053141.mp4,139
093032.mp4,268
024760.mp4,126
135580.mp4,125
039678.mp4,217
048943.mp4,152
008736.mp4,347
052604.mp4,136
127589.mp4,144
101427.mp4,180
052274.mp4,366
099155.mp4,163
052674.mp4,305
087463.mp4,112
107778.mp4,318
032261.mp4,109
124820.mp4,173
107035.mp4,191
043409.mp4,272
049324.mp4,313
088621.mp4,176
065290.mp4,152
078899.mp4,222
056634.mp4,145
030949.mp4,170
028591.mp4,434
092268.mp4,287
081162.mp4,120
103349.mp4,125
080680.mp4,103
018276.mp4,335
102985.mp4,109
088402.mp4,483
135482.mp4,213
120602.mp4,354
074784.mp4,116
034869.mp4,116
098295.mp4,255
137223.mp4,170
086137.mp4,145
135321.mp4,160
089336.mp4,159
120505.mp4,235
135351.mp4,233
065786.mp4,191
061813.mp4,393
064511.mp4,297
030405.mp4,117
039658.mp4,136
080330.mp4,464
032971.mp4,109
065079.mp4,446
127836.mp4,101
103184.mp4,121
007160.mp4,205
091906.mp4,319
019521.mp4,160
072074.mp4,159
089748.mp4,103
066414.mp4,170
132061.mp4,114
025379.mp4,153
083178.mp4,267
049127.mp4,113
090009.mp4,298
066246.mp4,108
017411.mp4,121
017592.mp4,245
042712.mp4,105
019613.mp4,100
016926.mp4,234
056710.mp4,108
037276.mp4,186
049264.mp4,110
101985.mp4,197
050502.mp4,135
137990.mp4,100
084277.mp4,150
082576.mp4,125
081077.mp4,208
028442.mp4,471
113305.mp4,385
008989.mp4,171
094415.mp4,102
014199.mp4,398
103776.mp4,167
128555.mp4,143
079207.mp4,115
081844.mp4,134
128660.mp4,199
089811.mp4,359
020755.mp4,122
093497.mp4,168
031176.mp4,235
064556.mp4,148
019834.mp4,128
070023.mp4,133
135737.mp4,134
082487.mp4,116
018011.mp4,149
008820.mp4,157
085484.mp4,205
018053.mp4,160
089403.mp4,204
082173.mp4,360
013365.mp4,315
044585.mp4,121
020044.mp4,211
102406.mp4,134
038592.mp4,114
053387.mp4,193
034785.mp4,241
049219.mp4,131
038787.mp4,129
104152.mp4,121
069026.mp4,455
049171.mp4,111
073656.mp4,103
048002.mp4,99
043621.mp4,101
030431.mp4,175
109972.mp4,101
101566.mp4,161
084174.mp4,118
114597.mp4,127
057330.mp4,114
064490.mp4,111
098638.mp4,315
032401.mp4,102
018802.mp4,217
061543.mp4,127
008832.mp4,159
093963.mp4,137
093589.mp4,337
127314.mp4,133
010545.mp4,217
066008.mp4,111
129223.mp4,160
069612.mp4,128
038601.mp4,137
103953.mp4,183
111653.mp4,107
119707.mp4,127
074410.mp4,122
081971.mp4,108
051233.mp4,134
137239.mp4,156
038332.mp4,105
119761.mp4,201
087778.mp4,143
128611.mp4,101
008806.mp4,158
018238.mp4,195
055984.mp4,366
066925.mp4,147
111796.mp4,164
082365.mp4,191
098123.mp4,293
053222.mp4,105
099072.mp4,206
013761.mp4,148
053267.mp4,172
053748.mp4,120
028754.mp4,110
122649.mp4,140
025002.mp4,188
108689.mp4,126
081698.mp4,102
089508.mp4,199
034903.mp4,220
092620.mp4,126
101297.mp4,246
040781.mp4,186
101367.mp4,213
099514.mp4,130
101647.mp4,104
032484.mp4,309
043455.mp4,289
067143.mp4,128
000532.mp4,103
086845.mp4,118
089961.mp4,208
113782.mp4,425
054226.mp4,109
072652.mp4,251
082002.mp4,130
081367.mp4,161
039109.mp4,104
026360.mp4,284
072672.mp4,200
092656.mp4,210
029478.mp4,128
081500.mp4,195
049411.mp4,149
099276.mp4,192
044461.mp4,181
015158.mp4,116
137317.mp4,406
065275.mp4,145
072676.mp4,106
119698.mp4,284
098016.mp4,146
056147.mp4,141
107809.mp4,211
020222.mp4,383
033793.mp4,215
083653.mp4,118
073302.mp4,99
080029.mp4,160
118389.mp4,124
075011.mp4,156
033328.mp4,151
086863.mp4,122
120051.mp4,177
081758.mp4,137
020432.mp4,394
056229.mp4,316
049701.mp4,106
027868.mp4,199
040332.mp4,145
082078.mp4,100
013180.mp4,250
061824.mp4,260
042471.mp4,124
079006.mp4,103
019492.mp4,256
089538.mp4,197
108138.mp4,290
137992.mp4,126
024899.mp4,141
120090.mp4,158
009433.mp4,108
086034.mp4,102
052087.mp4,325
069073.mp4,149
079133.mp4,99
008495.mp4,101
074705.mp4,168
041740.mp4,123
033524.mp4,103
031648.mp4,126
030687.mp4,175
086073.mp4,289
120697.mp4,234
052787.mp4,119
010554.mp4,145
110928.mp4,117
079908.mp4,117
087548.mp4,245
041140.mp4,205
042119.mp4,190
049803.mp4,113
108134.mp4,176
092989.mp4,133
008182.mp4,321
103498.mp4,103
088023.mp4,100
086853.mp4,172
013863.mp4,464
056354.mp4,108
033377.mp4,208
055918.mp4,104
033148.mp4,186
124891.mp4,409
110603.mp4,188
089859.mp4,128
078987.mp4,322
110124.mp4,102
056573.mp4,114
102636.mp4,151
101808.mp4,105
072883.mp4,160
108538.mp4,408
080935.mp4,188
047934.mp4,176
015336.mp4,107
018324.mp4,173
044029.mp4,137
118553.mp4,110
079497.mp4,106
103696.mp4,143
088204.mp4,366
033162.mp4,116
118803.mp4,111
111792.mp4,112
054024.mp4,136
111134.mp4,233
021518.mp4,198
000536.mp4,104
080835.mp4,108
086410.mp4,199
072534.mp4,114
072955.mp4,129
119433.mp4,107
122580.mp4,104
122490.mp4,120
032879.mp4,102
030837.mp4,155
034396.mp4,167
113664.mp4,185
056553.mp4,204
093816.mp4,119
083633.mp4,158
082150.mp4,440
069278.mp4,153
000744.mp4,189
086109.mp4,103
049183.mp4,237
006247.mp4,201
016938.mp4,102
037289.mp4,294
013337.mp4,159
049452.mp4,121
074817.mp4,144
083820.mp4,148
086864.mp4,117
106530.mp4,410
050544.mp4,165
020180.mp4,422
073931.mp4,223
017752.mp4,184
118657.mp4,194
039098.mp4,308
088800.mp4,122
119923.mp4,161
070049.mp4,211
079101.mp4,121
135605.mp4,136
101349.mp4,123
082773.mp4,125
129445.mp4,218
093335.mp4,115
084740.mp4,277
136945.mp4,164
090020.mp4,489
015381.mp4,158
132567.mp4,104
048973.mp4,316
070106.mp4,164
088681.mp4,178
082460.mp4,128
107779.mp4,269
008852.mp4,378
127181.mp4,228
125069.mp4,99
103527.mp4,162
085649.mp4,319
052652.mp4,387
098315.mp4,124
048643.mp4,101
025571.mp4,124
053108.mp4,360
120614.mp4,257
013682.mp4,109
099565.mp4,101
103589.mp4,110
078924.mp4,112
110607.mp4,102
013791.mp4,195
025988.mp4,285
037417.mp4,152
049230.mp4,241
118334.mp4,249
028508.mp4,120
119628.mp4,214
081346.mp4,153
064548.mp4,167
043764.mp4,126
066188.mp4,133
074613.mp4,182
034612.mp4,119
065596.mp4,279
056255.mp4,127
056823.mp4,135
114543.mp4,110
065918.mp4,190
013538.mp4,131
061542.mp4,102
118697.mp4,342
089162.mp4,102
127143.mp4,106
086066.mp4,125
054037.mp4,220
112980.mp4,159
013942.mp4,362
093926.mp4,124
074207.mp4,137
072042.mp4,235
008632.mp4,106
079084.mp4,130
128435.mp4,125
065143.mp4,179
098712.mp4,201
111924.mp4,103
086918.mp4,261
066226.mp4,120
137856.mp4,165
029997.mp4,159
016974.mp4,229
057081.mp4,218
049887.mp4,169
019112.mp4,116
083664.mp4,101
042563.mp4,122
132473.mp4,137
051049.mp4,184
051585.mp4,165
051384.mp4,118
048995.mp4,132
111554.mp4,350
025174.mp4,152
125104.mp4,198
024735.mp4,155
074020.mp4,129
015001.mp4,384
075130.mp4,196
052075.mp4,237
085840.mp4,120
092309.mp4,318
056069.mp4,446
049195.mp4,102
128410.mp4,138
088330.mp4,171
017034.mp4,131
078821.mp4,141
107425.mp4,215
067170.mp4,112
049879.mp4,156
135573.mp4,156
083790.mp4,113
111305.mp4,208
020780.mp4,140
026134.mp4,169
021327.mp4,111
030292.mp4,193
111777.mp4,133
032057.mp4,180
120423.mp4,235
083630.mp4,112
037203.mp4,176
086939.mp4,105
103489.mp4,214
137439.mp4,100
072831.mp4,298
127862.mp4,137
052454.mp4,200
018737.mp4,160
038901.mp4,104
107482.mp4,243
081540.mp4,154
042455.mp4,125
089292.mp4,183
009365.mp4,136
082477.mp4,103
061951.mp4,291
110287.mp4,201
075176.mp4,108
083262.mp4,267
080374.mp4,369
101204.mp4,145
079534.mp4,177
125135.mp4,146
074788.mp4,104
007941.mp4,112
030975.mp4,159
008208.mp4,228
030981.mp4,104
081957.mp4,107
021233.mp4,105
051971.mp4,369
072309.mp4,235
009257.mp4,111
118776.mp4,155
025822.mp4,167
028872.mp4,113
026157.mp4,264
052289.mp4,226
119377.mp4,170
128807.mp4,99
112992.mp4,299
112057.mp4,101
104040.mp4,117
028839.mp4,124
031750.mp4,157
092148.mp4,232
128540.mp4,348
110360.mp4,165
083678.mp4,121
039236.mp4,287
093601.mp4,108
082793.mp4,108
015207.mp4,122
118125.mp4,119
034989.mp4,153
038741.mp4,209
034492.mp4,252
083591.mp4,99
086881.mp4,201
048841.mp4,389
061622.mp4,314
056377.mp4,152
128144.mp4,104
041992.mp4,188
041996.mp4,363
087019.mp4,205
047987.mp4,106
086113.mp4,178
072498.mp4,119
034697.mp4,117
040179.mp4,206
119670.mp4,113
057475.mp4,245
069800.mp4,173
101225.mp4,170
024720.mp4,137
085765.mp4,366
118544.mp4,109
112601.mp4,124
031121.mp4,235
021577.mp4,135
087736.mp4,286
111201.mp4,169
125026.mp4,241
085857.mp4,136
103497.mp4,108
102997.mp4,103
124799.mp4,114
013051.mp4,299
098485.mp4,110
072781.mp4,126
122948.mp4,164
010876.mp4,143
127284.mp4,407
103319.mp4,342
066825.mp4,304
079718.mp4,121
027308.mp4,351
119294.mp4,452
037313.mp4,207
041012.mp4,217
083370.mp4,105
079381.mp4,174
104728.mp4,99
127556.mp4,282
011334.mp4,308
094143.mp4,301
106456.mp4,112
032049.mp4,192
117908.mp4,152
007895.mp4,289
085750.mp4,447
101473.mp4,171
136895.mp4,144
017090.mp4,288
020160.mp4,141
007665.mp4,171
088271.mp4,112
053071.mp4,123
086213.mp4,107
099403.mp4,104
050025.mp4,455
025681.mp4,256
033600.mp4,136
020084.mp4,268
040564.mp4,212
018398.mp4,124
015535.mp4,110
026018.mp4,125
084997.mp4,132
070213.mp4,158
018703.mp4,109
042843.mp4,274
061639.mp4,111
031105.mp4,151
021492.mp4,129
042797.mp4,172
093513.mp4,111
039975.mp4,160
052099.mp4,283
109973.mp4,157
013124.mp4,162
102099.mp4,121
074467.mp4,128
108121.mp4,190
090039.mp4,127
125034.mp4,218
092023.mp4,196
015737.mp4,237
069658.mp4,137
061391.mp4,105
086950.mp4,135
035270.mp4,227
120066.mp4,166
056661.mp4,178
086149.mp4,421
029047.mp4,245
085331.mp4,132
098979.mp4,232
132113.mp4,100
127080.mp4,252
008571.mp4,371
033760.mp4,337
112236.mp4,385
020797.mp4,263
064865.mp4,286
087718.mp4,147
128033.mp4,155
014230.mp4,120
034708.mp4,116
019409.mp4,128
135639.mp4,162
102989.mp4,301
038660.mp4,235
079526.mp4,274
111576.mp4,239
102311.mp4,455
137977.mp4,122
080264.mp4,100
032209.mp4,141
055956.mp4,140
112973.mp4,316
078781.mp4,122
031262.mp4,312
033689.mp4,438
027649.mp4,164
033242.mp4,179
107702.mp4,112
089551.mp4,343
010411.mp4,210
024860.mp4,260
120606.mp4,112
069270.mp4,460
043869.mp4,123
083549.mp4,113
028032.mp4,101
127423.mp4,162
136334.mp4,267
031821.mp4,196
086542.mp4,109
098673.mp4,171
040849.mp4,400
094043.mp4,126
118278.mp4,134
104624.mp4,417
136900.mp4,104
069146.mp4,400
099288.mp4,233
065407.mp4,295
129296.mp4,123
066867.mp4,169
093689.mp4,147
108310.mp4,150
015368.mp4,227
034503.mp4,381
024765.mp4,452
053956.mp4,125
042386.mp4,132
073432.mp4,147
065798.mp4,114
110080.mp4,128
127659.mp4,318
048083.mp4,128
015725.mp4,139
088482.mp4,112
106964.mp4,137
092478.mp4,350
108679.mp4,108
103287.mp4,122
108245.mp4,150
085861.mp4,170
065953.mp4,396
065903.mp4,212
073735.mp4,131
075006.mp4,120
026006.mp4,196
079969.mp4,308
112911.mp4,141
107467.mp4,102
013719.mp4,141
093912.mp4,128
051336.mp4,158
061817.mp4,103
137126.mp4,106
073334.mp4,158
099118.mp4,195
129375.mp4,108
074194.mp4,123
119675.mp4,137
098899.mp4,109
086677.mp4,105
093554.mp4,114
061104.mp4,170
113778.mp4,102
033355.mp4,149
042945.mp4,114
017732.mp4,127
064688.mp4,248
086258.mp4,306
090035.mp4,107
073368.mp4,118
082825.mp4,107
018808.mp4,137
110946.mp4,112
120652.mp4,124
086235.mp4,443
054331.mp4,147
069567.mp4,103
080631.mp4,258
025078.mp4,125
112473.mp4,202
119833.mp4,220
048632.mp4,102
079295.mp4,108
083690.mp4,152
066062.mp4,137
056811.mp4,140
112594.mp4,270
032417.mp4,125
088226.mp4,359
111242.mp4,128
043977.mp4,313
119316.mp4,102
037159.mp4,130
101219.mp4,135
008337.mp4,166
061792.mp4,405
088846.mp4,100
082091.mp4,288
067135.mp4,106
049597.mp4,102
074713.mp4,182
111536.mp4,230
019288.mp4,156
074142.mp4,183
008702.mp4,104
137481.mp4,114
119982.mp4,145
043356.mp4,147
053446.mp4,174
030993.mp4,171
043129.mp4,107
061804.mp4,232
066732.mp4,450
098316.mp4,205
074352.mp4,161
053652.mp4,471
099305.mp4,196
065258.mp4,104
027730.mp4,209
060935.mp4,134
020928.mp4,157
081257.mp4,182
033572.mp4,185
027665.mp4,226
021249.mp4,121
082687.mp4,127
119822.mp4,476
017038.mp4,126
008593.mp4,408
039267.mp4,117
093916.mp4,282
087953.mp4,107
021829.mp4,99
103295.mp4,135
051581.mp4,129
087157.mp4,102
135668.mp4,140
108668.mp4,119
011032.mp4,332
041135.mp4,211
027688.mp4,125
109930.mp4,134
057259.mp4,226
061225.mp4,119
055923.mp4,105
053552.mp4,105
006359.mp4,142
111179.mp4,192
024976.mp4,143
094231.mp4,124
107836.mp4,203
083953.mp4,212
085563.mp4,124
124397.mp4,139
091918.mp4,261
080211.mp4,113
010283.mp4,152
086885.mp4,102
015671.mp4,401
026150.mp4,106
038149.mp4,167
104170.mp4,164
120657.mp4,104
118216.mp4,230
102541.mp4,111
067278.mp4,114
050934.mp4,103
006335.mp4,104
084873.mp4,117
114609.mp4,473
073590.mp4,133
029514.mp4,176
092009.mp4,121
020200.mp4,343
052549.mp4,373
014476.mp4,260
111472.mp4,155
039225.mp4,153
067273.mp4,139
086091.mp4,158
127581.mp4,208
089569.mp4,154
106484.mp4,128
092163.mp4,247
137582.mp4,269
009256.mp4,242
044250.mp4,262
043276.mp4,114
040496.mp4,455
021781.mp4,256
048999.mp4,259
086594.mp4,211
093037.mp4,157
128559.mp4,143
137860.mp4,132
066082.mp4,111
137130.mp4,139
029245.mp4,116
098291.mp4,170
028518.mp4,227
094022.mp4,190
014759.mp4,331
049331.mp4,128
041075.mp4,174
018739.mp4,143
065178.mp4,106
107956.mp4,161
016871.mp4,136
072140.mp4,100
025606.mp4,101
089185.mp4,212
112509.mp4,307
083018.mp4,175
088863.mp4,122
074877.mp4,138
065550.mp4,275
048743.mp4,107
032257.mp4,117
119143.mp4,192
112965.mp4,145
037849.mp4,159
037584.mp4,147
072897.mp4,201
136879.mp4,251
098672.mp4,99
136715.mp4,109
137353.mp4,183
014755.mp4,141
056701.mp4,104
074484.mp4,228
128229.mp4,120
112295.mp4,136
132527.mp4,301
033123.mp4,230
016710.mp4,107
030828.mp4,234
120572.mp4,231
041888.mp4,267
038810.mp4,119
085233.mp4,280
111485.mp4,127
041934.mp4,333
017963.mp4,469
031661.mp4,99
112769.mp4,181
081878.mp4,480
054366.mp4,120
013088.mp4,128
041714.mp4,146
030612.mp4,189
014743.mp4,136
061461.mp4,158
032225.mp4,113
009042.mp4,276
102452.mp4,102
029498.mp4,114
051016.mp4,236
122481.mp4,289
008207.mp4,128
087446.mp4,141
057313.mp4,138
021658.mp4,100
014887.mp4,217
119794.mp4,137
026053.mp4,126
032816.mp4,234
013620.mp4,173
083242.mp4,158
102349.mp4,146
037731.mp4,168
026293.mp4,428
066934.mp4,130
031720.mp4,185
118233.mp4,186
041694.mp4,182
093091.mp4,282
048607.mp4,162
038404.mp4,120
010791.mp4,273
053726.mp4,118
057046.mp4,240
103311.mp4,145
107331.mp4,132
056943.mp4,146
013063.mp4,125
031372.mp4,128
129291.mp4,99
092573.mp4,173
107718.mp4,166
108604.mp4,166
021129.mp4,139
018320.mp4,173
010541.mp4,139
044083.mp4,185
009350.mp4,202
010775.mp4,129
120309.mp4,218
018915.mp4,171
098758.mp4,107
047907.mp4,108
110976.mp4,182
010989.mp4,312
038553.mp4,187
043507.mp4,145
066152.mp4,182
052237.mp4,111
028962.mp4,115
093205.mp4,108
093055.mp4,172
087244.mp4,102
053115.mp4,166
048899.mp4,128
013242.mp4,246
085905.mp4,150
124240.mp4,99
111249.mp4,172
083682.mp4,106
040409.mp4,207
061332.mp4,183
052436.mp4,318
129493.mp4,181
042123.mp4,109
052895.mp4,150
106901.mp4,114
031801.mp4,100
031353.mp4,168
107887.mp4,220
013028.mp4,232
117974.mp4,112
025384.mp4,119
111773.mp4,122
050018.mp4,258
111515.mp4,141
129441.mp4,167
041639.mp4,124
031523.mp4,116
080404.mp4,100
028540.mp4,323
038520.mp4,104
038434.mp4,103
127609.mp4,253
135490.mp4,163
066997.mp4,113
032131.mp4,161
094407.mp4,137
039693.mp4,158
118188.mp4,207
091925.mp4,112
041949.mp4,132
033339.mp4,107
027430.mp4,236
052079.mp4,249
088176.mp4,168
042850.mp4,142
069460.mp4,181
031844.mp4,103
086936.mp4,109
081322.mp4,99
025299.mp4,132
124775.mp4,132
020910.mp4,113
010333.mp4,181
066556.mp4,103
061092.mp4,140
028281.mp4,141
037468.mp4,143
082821.mp4,223
008600.mp4,195
103685.mp4,359
025227.mp4,380
056681.mp4,182
051649.mp4,111
072369.mp4,125
079219.mp4,229
049473.mp4,145
053952.mp4,99
088877.mp4,137
044433.mp4,188
073077.mp4,424
088668.mp4,104
089031.mp4,266
039063.mp4,236
119477.mp4,280
054179.mp4,106
074618.mp4,112
026110.mp4,124
102850.mp4,137
031167.mp4,404
101817.mp4,100
098102.mp4,110
019774.mp4,240
013376.mp4,137
088142.mp4,282
119552.mp4,124
038403.mp4,120
027519.mp4,214
064605.mp4,150
010562.mp4,100
110145.mp4,109
080463.mp4,115
118856.mp4,111
020969.mp4,442
088565.mp4,134
049918.mp4,101
083329.mp4,122
079736.mp4,182
079113.mp4,109
034356.mp4,113
021813.mp4,136
135738.mp4,165
122495.mp4,109
037883.mp4,177
108173.mp4,188
081008.mp4,139
035172.mp4,112
089273.mp4,203
107730.mp4,167
049706.mp4,271
061354.mp4,99
034802.mp4,116
014045.mp4,124
031832.mp4,117
044398.mp4,119
014256.mp4,335
053408.mp4,137
021354.mp4,116
124363.mp4,177
069693.mp4,233
124755.mp4,264
010864.mp4,111
017857.mp4,262
074583.mp4,162
013325.mp4,140
092593.mp4,260
013019.mp4,357
135700.mp4,307
112823.mp4,143
030127.mp4,270
078804.mp4,136
113521.mp4,149
017909.mp4,157
103338.mp4,332
061593.mp4,441
092385.mp4,244
098852.mp4,216
108469.mp4,207
031741.mp4,137
066889.mp4,117
066192.mp4,116
064375.mp4,176
079766.mp4,154
064823.mp4,152
052155.mp4,200
029907.mp4,134
039732.mp4,304
108096.mp4,119
050010.mp4,250
083890.mp4,170
072344.mp4,128
118912.mp4,120
039074.mp4,165
028563.mp4,223
101866.mp4,257
027406.mp4,146
030109.mp4,336
018215.mp4,117
028967.mp4,407
