path,split,label
train/042957.mp4,train,0
dev/011531.mp4,train,0
train/092455.mp4,train,0
test/125901.mp4,train,0
test/134621.mp4,train,0
train/015408.mp4,train,0
dev/047589.mp4,train,0
test/048289.mp4,train,0
train/017184.mp4,train,0
train/073951.mp4,train,0
train/032192.mp4,train,0
test/003852.mp4,train,0
train/086657.mp4,train,0
test/022752.mp4,train,0
dev/023978.mp4,train,0
train/054166.mp4,train,0
test/029522.mp4,train,0
train/114590.mp4,train,0
train/079698.mp4,train,0
train/108100.mp4,train,0
dev/109674.mp4,train,0
test/091640.mp4,train,0
dev/117043.mp4,train,0
train/089806.mp4,train,0
train/124277.mp4,train,0
train/085520.mp4,train,0
train/052839.mp4,train,0
dev/063112.mp4,train,0
dev/108889.mp4,train,0
test/134090.mp4,train,0
train/069739.mp4,train,0
train/072720.mp4,train,0
train/081469.mp4,train,0
train/074341.mp4,train,0
train/088287.mp4,train,0
train/049460.mp4,train,0
train/008393.mp4,train,0
train/120110.mp4,train,0
test/021956.mp4,train,0
test/105614.mp4,train,0
train/101245.mp4,train,0
train/103584.mp4,train,0
train/037596.mp4,train,0
dev/054911.mp4,train,0
train/031117.mp4,train,0
dev/012470.mp4,train,0
train/136598.mp4,train,0
train/089708.mp4,train,0
train/122902.mp4,train,0
train/093791.mp4,train,0
dev/058334.mp4,train,0
dev/012945.mp4,train,0
test/125509.mp4,train,0
test/048239.mp4,train,0
train/099252.mp4,train,0
test/125880.mp4,train,0
dev/012289.mp4,train,0
train/111969.mp4,train,0
train/034379.mp4,train,0
train/000633.mp4,train,0
train/104423.mp4,train,0
dev/096765.mp4,train,0
train/065770.mp4,train,0
test/022618.mp4,train,0
train/089565.mp4,train,0
train/092433.mp4,train,0
train/122649.mp4,train,0
train/103841.mp4,train,0
train/031384.mp4,train,0
train/094171.mp4,train,0
test/095914.mp4,train,0
train/042588.mp4,train,0
train/111486.mp4,train,0
train/015530.mp4,train,0
train/030889.mp4,train,0
test/029810.mp4,train,0
dev/115262.mp4,train,0
train/110863.mp4,train,0
test/134634.mp4,train,0
dev/058163.mp4,train,0
dev/133738.mp4,train,0
train/043672.mp4,train,0
train/079012.mp4,train,0
train/049430.mp4,train,0
train/013063.mp4,train,0
train/039765.mp4,train,0
train/031754.mp4,train,0
dev/123447.mp4,train,0
test/091426.mp4,train,0
train/013859.mp4,train,0
test/090525.mp4,train,0
train/042766.mp4,train,0
dev/012030.mp4,train,0
train/102099.mp4,train,0
train/087191.mp4,train,0
test/045230.mp4,train,0
test/003012.mp4,train,0
train/052398.mp4,train,0
test/002031.mp4,train,0
test/134257.mp4,train,0
dev/100324.mp4,train,0
dev/004569.mp4,train,0
train/107689.mp4,train,0
train/101488.mp4,train,0
dev/059060.mp4,train,0
test/046664.mp4,train,0
test/045856.mp4,train,0
train/112573.mp4,train,0
dev/123992.mp4,train,0
train/124532.mp4,train,0
train/136863.mp4,train,0
test/012595.mp4,train,0
train/118554.mp4,train,0
train/014113.mp4,train,0
dev/011681.mp4,train,0
test/029815.mp4,train,0
train/049277.mp4,train,0
test/075866.mp4,train,0
dev/004303.mp4,train,0
test/131556.mp4,train,0
test/064257.mp4,train,0
test/130122.mp4,train,0
test/130102.mp4,train,0
test/022897.mp4,train,0
dev/084515.mp4,train,0
train/065687.mp4,train,0
dev/024178.mp4,train,0
train/011245.mp4,train,0
train/098391.mp4,train,0
test/007416.mp4,train,0
train/107616.mp4,train,0
train/086317.mp4,train,0
test/091473.mp4,train,0
train/018438.mp4,train,0
train/080790.mp4,train,0
train/025928.mp4,train,0
train/051705.mp4,train,0
train/137703.mp4,train,0
test/131201.mp4,train,0
train/031315.mp4,train,0
train/124200.mp4,train,0
train/039225.mp4,train,0
test/075970.mp4,train,0
dev/035948.mp4,train,0
train/028827.mp4,train,0
dev/116696.mp4,train,0
train/016698.mp4,train,0
train/052443.mp4,train,0
train/110407.mp4,train,0
test/131759.mp4,train,0
train/042761.mp4,train,0
train/084029.mp4,train,0
dev/058984.mp4,train,0
train/104454.mp4,train,0
train/069887.mp4,train,0
train/030807.mp4,train,0
train/051994.mp4,train,0
dev/115370.mp4,train,0
dev/120831.mp4,train,0
dev/068699.mp4,train,0
train/010451.mp4,train,0
train/107186.mp4,train,0
dev/057553.mp4,train,0
dev/004403.mp4,train,0
train/037443.mp4,train,0
train/099457.mp4,train,0
dev/070735.mp4,train,0
test/077253.mp4,train,0
train/103945.mp4,train,0
test/003981.mp4,train,0
train/092071.mp4,train,0
test/126424.mp4,train,0
dev/097613.mp4,train,0
dev/121116.mp4,train,0
test/075834.mp4,train,0
train/043369.mp4,train,0
train/053063.mp4,train,0
train/118196.mp4,train,0
train/037831.mp4,train,0
train/088318.mp4,train,0
train/093888.mp4,train,0
dev/058957.mp4,train,0
dev/075734.mp4,train,0
dev/024236.mp4,train,0
train/032606.mp4,train,0
train/094195.mp4,train,0
dev/068232.mp4,train,0
test/135090.mp4,train,0
dev/004332.mp4,train,0
train/084263.mp4,train,0
test/003664.mp4,train,0
train/040794.mp4,train,0
train/028755.mp4,train,0
train/120601.mp4,train,0
dev/023290.mp4,train,0
train/033333.mp4,train,0
train/037455.mp4,train,0
train/010717.mp4,train,0
dev/006768.mp4,train,0
test/045203.mp4,train,0
train/025880.mp4,train,0
dev/023524.mp4,train,0
train/118301.mp4,train,0
test/105026.mp4,train,0
dev/012403.mp4,train,0
train/074709.mp4,train,0
train/124671.mp4,train,0
dev/121681.mp4,train,0
dev/123292.mp4,train,0
dev/071831.mp4,train,0
train/031263.mp4,train,0
test/048520.mp4,train,0
train/098634.mp4,train,0
train/120238.mp4,train,0
dev/023770.mp4,train,0
dev/045394.mp4,train,0
dev/123984.mp4,train,0
test/022102.mp4,train,0
train/102285.mp4,train,0
train/032445.mp4,train,0
dev/108808.mp4,train,0
train/041992.mp4,train,0
dev/058037.mp4,train,0
train/006110.mp4,train,0
test/114706.mp4,train,0
train/064968.mp4,train,0
train/085389.mp4,train,0
train/064689.mp4,train,0
train/107564.mp4,train,0
dev/024487.mp4,train,0
train/020684.mp4,train,0
dev/124093.mp4,train,0
train/080280.mp4,train,0
train/072892.mp4,train,0
train/103776.mp4,train,0
dev/047460.mp4,train,0
dev/036968.mp4,train,0
dev/023802.mp4,train,0
train/056314.mp4,train,0
train/070172.mp4,train,0
test/134140.mp4,train,0
dev/016373.mp4,train,0
train/039662.mp4,train,0
train/065241.mp4,train,0
train/087632.mp4,train,0
test/105403.mp4,train,0
test/076170.mp4,train,0
train/014743.mp4,train,0
train/065486.mp4,train,0
dev/096345.mp4,train,0
train/032874.mp4,train,0
train/051221.mp4,train,0
train/112118.mp4,train,0
train/027809.mp4,train,0
train/074680.mp4,train,0
train/026110.mp4,train,0
train/112652.mp4,train,0
dev/004365.mp4,train,0
train/028690.mp4,train,0
dev/071325.mp4,train,0
test/001828.mp4,train,0
train/111288.mp4,train,0
train/025219.mp4,train,0
train/028815.mp4,train,0
train/098501.mp4,train,0
train/103918.mp4,train,0
train/017469.mp4,train,0
dev/100287.mp4,train,0
train/087039.mp4,train,0
train/035024.mp4,train,0
train/010996.mp4,train,0
train/113613.mp4,train,0
test/012496.mp4,train,0
train/108244.mp4,train,0
train/135321.mp4,train,0
train/066904.mp4,train,0
train/056886.mp4,train,0
train/034777.mp4,train,0
train/021014.mp4,train,0
train/051254.mp4,train,0
train/035012.mp4,train,0
dev/036377.mp4,train,0
dev/122387.mp4,train,0
dev/055167.mp4,train,0
train/008134.mp4,train,0
dev/109791.mp4,train,0
test/022545.mp4,train,0
dev/035726.mp4,train,0
test/129741.mp4,train,0
train/122949.mp4,train,0
train/040821.mp4,train,0
test/125560.mp4,train,0
dev/121616.mp4,train,0
train/053077.mp4,train,0
dev/097983.mp4,train,0
test/041590.mp4,train,0
train/040396.mp4,train,0
train/074291.mp4,train,0
train/084946.mp4,train,0
train/120519.mp4,train,0
train/127440.mp4,val,0
train/094021.mp4,val,0
test/003571.mp4,val,0
test/046220.mp4,val,0
train/027951.mp4,val,0
train/013626.mp4,val,0
train/009361.mp4,val,0
test/012791.mp4,val,0
test/009692.mp4,val,0
train/066261.mp4,val,0
test/134594.mp4,val,0
train/119544.mp4,val,0
train/013302.mp4,val,0
train/038262.mp4,val,0
train/108690.mp4,val,0
train/027419.mp4,val,0
train/087158.mp4,val,0
train/014589.mp4,val,0
train/093546.mp4,val,0
train/137953.mp4,val,0
train/069844.mp4,val,0
test/114973.mp4,val,0
test/078276.mp4,val,0
test/105022.mp4,val,0
test/003023.mp4,val,0
train/042085.mp4,val,0
dev/096291.mp4,val,0
train/079782.mp4,val,0
dev/022962.mp4,val,0
dev/058736.mp4,val,0
train/135601.mp4,val,0
train/047963.mp4,val,0
dev/132868.mp4,val,0
train/042271.mp4,val,0
train/000584.mp4,val,0
test/000241.mp4,val,0
train/102509.mp4,val,0
test/130591.mp4,val,0
dev/059394.mp4,val,0
test/094787.mp4,val,0
train/112589.mp4,val,0
train/084975.mp4,val,0
train/103949.mp4,val,0
test/091645.mp4,val,0
test/095864.mp4,val,0
train/052233.mp4,val,0
train/069726.mp4,val,0
train/040548.mp4,val,0
dev/006841.mp4,val,0
train/074828.mp4,val,0
test/012504.mp4,val,0
test/012634.mp4,val,0
train/128326.mp4,val,0
test/041203.mp4,val,0
dev/068382.mp4,val,0
train/018417.mp4,val,0
train/032861.mp4,val,0
train/119572.mp4,val,0
dev/047282.mp4,val,0
dev/120752.mp4,val,0
train/132132.mp4,val,0
train/013737.mp4,val,0
test/091378.mp4,val,0
train/048742.mp4,val,0
test/105662.mp4,val,0
dev/059764.mp4,val,0
dev/070604.mp4,val,0
dev/121552.mp4,val,0
train/067145.mp4,val,0
train/086192.mp4,val,0
train/114652.mp4,val,0
train/098706.mp4,val,0
test/130011.mp4,val,0
test/130867.mp4,val,0
train/083545.mp4,val,0
train/136530.mp4,val,0
dev/067723.mp4,val,0
train/025303.mp4,val,0
test/000942.mp4,val,0
dev/116289.mp4,val,0
test/002655.mp4,val,0
train/013733.mp4,val,0
test/094478.mp4,val,0
test/001166.mp4,val,0
train/073686.mp4,val,0
train/092134.mp4,val,0
train/081028.mp4,val,0
test/114095.mp4,val,0
test/126108.mp4,val,0
dev/045416.mp4,val,0
train/070127.mp4,val,0
train/111745.mp4,val,0
train/011312.mp4,val,0
dev/099722.mp4,val,0
dev/115311.mp4,val,0
test/131718.mp4,val,0
train/112769.mp4,val,0
dev/004671.mp4,val,0
test/046856.mp4,val,0
train/073618.mp4,val,0
test/003773.mp4,test,0
train/137196.mp4,test,0
train/087917.mp4,test,0
train/114507.mp4,test,0
train/034408.mp4,test,0
train/043095.mp4,test,0
train/081920.mp4,test,0
dev/070638.mp4,test,0
train/129136.mp4,test,0
train/069354.mp4,test,0
test/125171.mp4,test,0
test/131148.mp4,test,0
dev/120784.mp4,test,0
train/118109.mp4,test,0
test/126528.mp4,test,0
test/005973.mp4,test,0
train/101462.mp4,test,0
train/083549.mp4,test,0
train/094169.mp4,test,0
dev/035902.mp4,test,0
dev/036912.mp4,test,0
test/115080.mp4,test,0
train/014335.mp4,test,0
train/124461.mp4,test,0
train/069611.mp4,test,0
test/002664.mp4,test,0
train/037633.mp4,test,0
dev/023921.mp4,test,0
train/101180.mp4,test,0
train/015009.mp4,test,0
train/088601.mp4,test,0
train/014693.mp4,test,0
dev/071051.mp4,test,0
train/108469.mp4,test,0
train/128037.mp4,test,0
dev/133452.mp4,test,0
test/003391.mp4,test,0
train/120278.mp4,test,0
train/099412.mp4,test,0
train/078951.mp4,test,0
train/064302.mp4,test,0
train/081280.mp4,test,0
dev/100170.mp4,test,0
train/041640.mp4,test,0
test/090197.mp4,test,0
test/090111.mp4,test,0
train/043020.mp4,test,0
test/009716.mp4,test,0
train/102039.mp4,test,0
train/054407.mp4,test,0
train/000794.mp4,test,0
train/067119.mp4,test,0
train/031739.mp4,test,0
train/089627.mp4,test,0
train/107175.mp4,test,0
test/029688.mp4,test,0
train/049931.mp4,test,0
train/061528.mp4,test,0
train/014716.mp4,test,0
train/020478.mp4,test,0
train/021294.mp4,test,0
train/017207.mp4,test,0
test/005824.mp4,test,0
train/038976.mp4,test,0
train/123058.mp4,test,0
train/073487.mp4,test,0
train/107548.mp4,test,0
train/137993.mp4,test,0
test/126388.mp4,test,0
train/122504.mp4,test,0
dev/121016.mp4,test,0
test/001832.mp4,test,0
train/018183.mp4,test,0
dev/115217.mp4,test,0
dev/047578.mp4,test,0
train/000580.mp4,test,0
train/073917.mp4,test,0
dev/047606.mp4,test,0
train/108242.mp4,test,0
train/094022.mp4,test,0
test/001657.mp4,test,0
train/053168.mp4,test,0
dev/034137.mp4,test,0
dev/116190.mp4,test,0
dev/058274.mp4,test,0
train/050796.mp4,test,0
train/051439.mp4,test,0
train/050063.mp4,test,0
dev/023043.mp4,test,0
train/108536.mp4,test,0
train/028147.mp4,test,0
test/009978.mp4,test,0
dev/035910.mp4,test,0
train/040139.mp4,test,0
train/081986.mp4,test,0
test/075818.mp4,test,0
train/013826.mp4,test,0
train/039999.mp4,test,0
train/092463.mp4,test,0
dev/036040.mp4,test,0
train/040941.mp4,train,1
train/030018.mp4,train,1
test/134866.mp4,train,1
train/108711.mp4,train,1
dev/023541.mp4,train,1
train/107816.mp4,train,1
train/117961.mp4,train,1
train/035171.mp4,train,1
train/068939.mp4,train,1
test/007343.mp4,train,1
train/017129.mp4,train,1
test/090526.mp4,train,1
train/088757.mp4,train,1
dev/006785.mp4,train,1
dev/063289.mp4,train,1
train/085060.mp4,train,1
train/082853.mp4,train,1
test/104915.mp4,train,1
train/057276.mp4,train,1
dev/004815.mp4,train,1
train/081852.mp4,train,1
train/028603.mp4,train,1
test/091296.mp4,train,1
train/072297.mp4,train,1
dev/070389.mp4,train,1
train/028878.mp4,train,1
test/063783.mp4,train,1
train/032039.mp4,train,1
train/135576.mp4,train,1
dev/116635.mp4,train,1
dev/063410.mp4,train,1
dev/063513.mp4,train,1
train/021747.mp4,train,1
dev/004798.mp4,train,1
train/072930.mp4,train,1
train/110428.mp4,train,1
train/014030.mp4,train,1
train/070212.mp4,train,1
test/106022.mp4,train,1
train/053478.mp4,train,1
train/069301.mp4,train,1
train/032129.mp4,train,1
test/125346.mp4,train,1
dev/023129.mp4,train,1
train/052620.mp4,train,1
dev/097242.mp4,train,1
train/064978.mp4,train,1
dev/116071.mp4,train,1
train/049072.mp4,train,1
train/135323.mp4,train,1
dev/050114.mp4,train,1
test/125174.mp4,train,1
test/002392.mp4,train,1
test/076261.mp4,train,1
train/025329.mp4,train,1
dev/012307.mp4,train,1
dev/047331.mp4,train,1
dev/096439.mp4,train,1
train/053819.mp4,train,1
dev/012394.mp4,train,1
dev/070707.mp4,train,1
train/048769.mp4,train,1
train/017577.mp4,train,1
dev/012948.mp4,train,1
train/072334.mp4,train,1
train/028697.mp4,train,1
test/106347.mp4,train,1
train/066036.mp4,train,1
dev/109569.mp4,train,1
dev/050317.mp4,train,1
train/039996.mp4,train,1
train/019968.mp4,train,1
train/135282.mp4,train,1
dev/024284.mp4,train,1
test/106352.mp4,train,1
dev/050271.mp4,train,1
dev/016273.mp4,train,1
dev/120790.mp4,train,1
train/062023.mp4,train,1
train/043617.mp4,train,1
dev/036378.mp4,train,1
test/076547.mp4,train,1
dev/070547.mp4,train,1
train/122496.mp4,train,1
test/090495.mp4,train,1
train/038221.mp4,train,1
train/008986.mp4,train,1
train/112320.mp4,train,1
train/018306.mp4,train,1
train/010303.mp4,train,1
dev/060614.mp4,train,1
dev/055811.mp4,train,1
train/102834.mp4,train,1
test/077486.mp4,train,1
test/130229.mp4,train,1
train/035249.mp4,train,1
test/135115.mp4,train,1
train/011346.mp4,train,1
train/086577.mp4,train,1
train/026128.mp4,train,1
train/108274.mp4,train,1
train/050680.mp4,train,1
dev/045309.mp4,train,1
test/064185.mp4,train,1
train/015210.mp4,train,1
dev/100971.mp4,train,1
test/064256.mp4,train,1
dev/016294.mp4,train,1
train/031520.mp4,train,1
train/082195.mp4,train,1
test/126390.mp4,train,1
train/049844.mp4,train,1
train/107090.mp4,train,1
train/065451.mp4,train,1
train/013101.mp4,train,1
train/070084.mp4,train,1
dev/007156.mp4,train,1
test/129821.mp4,train,1
train/132282.mp4,train,1
dev/123906.mp4,train,1
test/027063.mp4,train,1
train/051648.mp4,train,1
train/043038.mp4,train,1
train/098905.mp4,train,1
train/057138.mp4,train,1
test/022149.mp4,train,1
train/086945.mp4,train,1
train/135673.mp4,train,1
dev/120977.mp4,train,1
test/131552.mp4,train,1
dev/068796.mp4,train,1
test/022468.mp4,train,1
dev/063020.mp4,train,1
train/093368.mp4,train,1
train/051330.mp4,train,1
test/045962.mp4,train,1
train/117965.mp4,train,1
dev/036934.mp4,train,1
train/108411.mp4,train,1
dev/084403.mp4,train,1
train/021752.mp4,train,1
train/127330.mp4,train,1
test/105765.mp4,train,1
train/088925.mp4,train,1
dev/055234.mp4,train,1
train/025916.mp4,train,1
train/048015.mp4,train,1
train/080937.mp4,train,1
dev/013000.mp4,train,1
test/095643.mp4,train,1
train/092064.mp4,train,1
dev/036831.mp4,train,1
train/112802.mp4,train,1
train/017094.mp4,train,1
dev/037012.mp4,train,1
train/030925.mp4,train,1
train/009263.mp4,train,1
dev/070599.mp4,train,1
dev/068121.mp4,train,1
test/114093.mp4,train,1
test/090892.mp4,train,1
train/032575.mp4,train,1
test/091433.mp4,train,1
train/124981.mp4,train,1
dev/067748.mp4,train,1
train/037345.mp4,train,1
dev/012229.mp4,train,1
train/119246.mp4,train,1
test/105502.mp4,train,1
dev/121550.mp4,train,1
train/086842.mp4,train,1
train/052015.mp4,train,1
train/137400.mp4,train,1
test/076463.mp4,train,1
test/126941.mp4,train,1
dev/110694.mp4,train,1
train/132518.mp4,train,1
train/053649.mp4,train,1
train/124311.mp4,train,1
train/014393.mp4,train,1
train/119451.mp4,train,1
train/057201.mp4,train,1
test/001089.mp4,train,1
dev/055540.mp4,train,1
test/078519.mp4,train,1
train/010469.mp4,train,1
dev/135926.mp4,train,1
train/054437.mp4,train,1
train/010359.mp4,train,1
dev/075561.mp4,train,1
train/088702.mp4,train,1
dev/060219.mp4,train,1
test/090367.mp4,train,1
train/016869.mp4,train,1
train/040095.mp4,train,1
train/013531.mp4,train,1
train/056268.mp4,train,1
train/102874.mp4,train,1
train/079985.mp4,train,1
dev/062257.mp4,train,1
test/115106.mp4,train,1
train/082850.mp4,train,1
dev/004253.mp4,train,1
dev/004087.mp4,train,1
train/085090.mp4,train,1
test/131466.mp4,train,1
test/131787.mp4,train,1
test/076306.mp4,train,1
train/044321.mp4,train,1
dev/005182.mp4,train,1
train/112939.mp4,train,1
train/103225.mp4,train,1
train/019636.mp4,train,1
train/013708.mp4,train,1
dev/057988.mp4,train,1
test/114836.mp4,train,1
train/013865.mp4,train,1
test/022244.mp4,train,1
train/052368.mp4,train,1
dev/120935.mp4,train,1
train/113375.mp4,train,1
train/079927.mp4,train,1
test/044793.mp4,train,1
train/042645.mp4,train,1
dev/096739.mp4,train,1
train/006274.mp4,train,1
train/038175.mp4,train,1
test/026670.mp4,train,1
train/007613.mp4,train,1
dev/121459.mp4,train,1
dev/055570.mp4,train,1
dev/054883.mp4,train,1
train/072347.mp4,train,1
train/093280.mp4,train,1
train/040149.mp4,train,1
train/008644.mp4,train,1
test/130445.mp4,train,1
train/043669.mp4,train,1
train/030529.mp4,train,1
test/046869.mp4,train,1
train/028951.mp4,train,1
test/131177.mp4,train,1
test/125354.mp4,train,1
train/101939.mp4,train,1
train/042772.mp4,train,1
test/000141.mp4,train,1
train/102719.mp4,train,1
train/042892.mp4,train,1
train/081066.mp4,train,1
dev/122428.mp4,train,1
dev/036898.mp4,train,1
dev/123792.mp4,train,1
train/085749.mp4,train,1
train/119957.mp4,train,1
dev/050332.mp4,train,1
train/013369.mp4,train,1
train/010463.mp4,train,1
test/048374.mp4,train,1
dev/058506.mp4,train,1
test/106189.mp4,train,1
train/137840.mp4,train,1
train/085994.mp4,train,1
train/111470.mp4,train,1
train/086085.mp4,train,1
train/112045.mp4,train,1
dev/059987.mp4,train,1
train/016738.mp4,train,1
dev/124031.mp4,train,1
train/017530.mp4,train,1
train/093732.mp4,train,1
test/002250.mp4,train,1
train/089218.mp4,train,1
train/084741.mp4,train,1
test/005817.mp4,train,1
train/103503.mp4,train,1
train/062116.mp4,train,1
train/056422.mp4,train,1
train/042512.mp4,train,1
train/032738.mp4,train,1
dev/005349.mp4,train,1
test/029842.mp4,train,1
train/014697.mp4,train,1
dev/005483.mp4,train,1
dev/100066.mp4,train,1
test/094921.mp4,train,1
train/103137.mp4,train,1
dev/117839.mp4,train,1
train/037535.mp4,train,1
train/101441.mp4,train,1
test/125445.mp4,train,1
train/102647.mp4,train,1
train/057056.mp4,train,1
train/080599.mp4,train,1
train/007684.mp4,train,1
train/107607.mp4,train,1
train/082547.mp4,train,1
dev/054617.mp4,train,1
dev/005726.mp4,train,1
dev/115202.mp4,train,1
train/119161.mp4,train,1
train/064416.mp4,val,1
train/127814.mp4,val,1
dev/005275.mp4,val,1
train/082404.mp4,val,1
train/124991.mp4,val,1
train/013091.mp4,val,1
train/021593.mp4,val,1
test/002591.mp4,val,1
train/041970.mp4,val,1
train/006254.mp4,val,1
train/014089.mp4,val,1
test/095960.mp4,val,1
test/126188.mp4,val,1
dev/096828.mp4,val,1
train/136790.mp4,val,1
dev/109834.mp4,val,1
test/076816.mp4,val,1
test/045843.mp4,val,1
dev/099897.mp4,val,1
train/088912.mp4,val,1
dev/036709.mp4,val,1
dev/024320.mp4,val,1
train/065055.mp4,val,1
train/041612.mp4,val,1
train/039429.mp4,val,1
dev/036568.mp4,val,1
train/037959.mp4,val,1
test/026933.mp4,val,1
dev/133419.mp4,val,1
train/074106.mp4,val,1
dev/099927.mp4,val,1
dev/006883.mp4,val,1
train/034867.mp4,val,1
train/040386.mp4,val,1
test/130512.mp4,val,1
test/078396.mp4,val,1
train/049637.mp4,val,1
train/013760.mp4,val,1
dev/136072.mp4,val,1
test/002613.mp4,val,1
train/128039.mp4,val,1
dev/133431.mp4,val,1
train/020781.mp4,val,1
test/029864.mp4,val,1
test/009669.mp4,val,1
test/077165.mp4,val,1
train/009368.mp4,val,1
train/094002.mp4,val,1
train/031223.mp4,val,1
train/079639.mp4,val,1
train/108078.mp4,val,1
dev/036885.mp4,val,1
train/031727.mp4,val,1
test/134355.mp4,val,1
train/051394.mp4,val,1
train/093728.mp4,val,1
dev/016031.mp4,val,1
train/101595.mp4,val,1
dev/075771.mp4,val,1
test/104985.mp4,val,1
train/086987.mp4,val,1
test/130747.mp4,val,1
dev/084658.mp4,val,1
train/017361.mp4,val,1
test/045041.mp4,val,1
train/007620.mp4,val,1
train/061523.mp4,val,1
train/081501.mp4,val,1
train/040170.mp4,val,1
dev/036936.mp4,val,1
train/016985.mp4,val,1
train/069509.mp4,val,1
test/063781.mp4,val,1
train/071992.mp4,val,1
dev/117464.mp4,val,1
train/064726.mp4,val,1
train/127968.mp4,val,1
train/030216.mp4,val,1
train/072248.mp4,val,1
train/010992.mp4,val,1
test/095607.mp4,val,1
train/032382.mp4,val,1
train/092020.mp4,val,1
test/010036.mp4,val,1
train/074379.mp4,val,1
train/127094.mp4,val,1
train/033792.mp4,val,1
train/067308.mp4,val,1
train/037342.mp4,val,1
train/057004.mp4,val,1
train/025553.mp4,val,1
dev/004124.mp4,val,1
train/136733.mp4,val,1
train/110911.mp4,val,1
train/032601.mp4,val,1
test/134164.mp4,val,1
dev/034072.mp4,val,1
dev/004374.mp4,val,1
test/027156.mp4,val,1
dev/108886.mp4,val,1
test/130964.mp4,test,1
train/021067.mp4,test,1
train/048666.mp4,test,1
train/017805.mp4,test,1
dev/117386.mp4,test,1
test/046805.mp4,test,1
dev/057663.mp4,test,1
test/009665.mp4,test,1
dev/108767.mp4,test,1
test/029702.mp4,test,1
dev/120976.mp4,test,1
train/070118.mp4,test,1
train/098616.mp4,test,1
train/122930.mp4,test,1
train/110333.mp4,test,1
train/056516.mp4,test,1
train/053817.mp4,test,1
train/128975.mp4,test,1
train/039345.mp4,test,1
train/033695.mp4,test,1
dev/059162.mp4,test,1
train/052357.mp4,test,1
train/008480.mp4,test,1
train/013339.mp4,test,1
train/083203.mp4,test,1
dev/117022.mp4,test,1
train/087197.mp4,test,1
train/069011.mp4,test,1
dev/084390.mp4,test,1
dev/007029.mp4,test,1
train/014079.mp4,test,1
train/118770.mp4,test,1
train/032300.mp4,test,1
train/111523.mp4,test,1
train/119298.mp4,test,1
train/085808.mp4,test,1
dev/133803.mp4,test,1
test/002611.mp4,test,1
train/006138.mp4,test,1
test/090279.mp4,test,1
train/066056.mp4,test,1
test/001377.mp4,test,1
train/128661.mp4,test,1
dev/116379.mp4,test,1
train/074852.mp4,test,1
test/046475.mp4,test,1
train/009315.mp4,test,1
train/102280.mp4,test,1
dev/116095.mp4,test,1
train/074919.mp4,test,1
train/135514.mp4,test,1
dev/011974.mp4,test,1
train/109894.mp4,test,1
train/087657.mp4,test,1
test/095379.mp4,test,1
dev/100394.mp4,test,1
train/118416.mp4,test,1
dev/115936.mp4,test,1
dev/063284.mp4,test,1
train/069917.mp4,test,1
train/008740.mp4,test,1
dev/068493.mp4,test,1
train/020870.mp4,test,1
train/074836.mp4,test,1
train/030715.mp4,test,1
train/092086.mp4,test,1
train/029204.mp4,test,1
train/031378.mp4,test,1
test/045029.mp4,test,1
dev/055287.mp4,test,1
train/061805.mp4,test,1
dev/132851.mp4,test,1
train/013073.mp4,test,1
train/087291.mp4,test,1
train/088104.mp4,test,1
train/065598.mp4,test,1
dev/071350.mp4,test,1
train/032850.mp4,test,1
dev/047783.mp4,test,1
train/074704.mp4,test,1
dev/109644.mp4,test,1
train/033430.mp4,test,1
train/065283.mp4,test,1
train/050892.mp4,test,1
train/044151.mp4,test,1
dev/005549.mp4,test,1
train/073703.mp4,test,1
dev/050311.mp4,test,1
train/044490.mp4,test,1
train/031162.mp4,test,1
dev/123504.mp4,test,1
train/053562.mp4,test,1
test/010090.mp4,test,1
train/064580.mp4,test,1
train/014865.mp4,test,1
train/084282.mp4,test,1
train/028468.mp4,test,1
test/129980.mp4,test,1
train/093512.mp4,test,1
train/114593.mp4,test,1
